{
  "Profiles": [
    {
      "Name" : "Dark Theme",
      "Guid" : "86F8D2FA-B330-4A5F-B2B0-00DD5F913FFB",
      "Ansi 3 Color" : {
        "Green Component" : 0.53333336114883423,
        "Red Component" : 0.7137255072593689,
        "Blue Component" : 0
      },
      "Tags" : [

      ],
      "Ansi 12 Color" : {
        "Green Component" : 0.45882352941176469,
        "Red Component" : 0.12549019607843137,
        "Blue Component" : 0.7803921568627451
      },
      "Ansi 7 Color" : {
        "Green Component" : 0.84705883264541626,
        "Red Component" : 0.82352942228317261,
        "Blue Component" : 0.85098040103912354
      },
      "Ansi 8 Color" : {
        "Green Component" : 0.16078431904315948,
        "Red Component" : 0.14509804546833038,
        "Blue Component" : 0.16470588743686676
      },
      "Bold Color" : {
        "Green Component" : 0.9264177680015564,
        "Red Component" : 0.92623984813690186,
        "Blue Component" : 0.92621010541915894
      },
      "Ansi 9 Color" : {
        "Green Component" : 0.28235295414924622,
        "Red Component" : 0.94901961088180542,
        "Blue Component" : 0.25098040699958801
      },
      "Horizontal Spacing" : 1,
      "Right Option Key Sends" : 0,
      "Rows" : 25,
      "Default Bookmark" : "No",
      "Cursor Guide Color" : {
        "Red Component" : 0.70213186740875244,
        "Color Space" : "sRGB",
        "Blue Component" : 1,
        "Alpha Component" : 0.25,
        "Green Component" : 0.9268307089805603
      },
      "Non-ASCII Anti Aliased" : true,
      "Use Bright Bold" : true,
      "Ansi 10 Color" : {
        "Green Component" : 0.58823531866073608,
        "Red Component" : 0.38431373238563538,
        "Blue Component" : 0.3333333432674408
      },
      "Ambiguous Double Width" : false,
      "Jobs to Ignore" : [
        "rlogin",
        "ssh",
        "slogin",
        "telnet"
      ],
      "Ansi 15 Color" : {
        "Green Component" : 0.84705883264541626,
        "Red Component" : 0.82352942228317261,
        "Blue Component" : 0.85098040103912354
      },
      "Foreground Color" : {
        "Green Component" : 0.84705883264541626,
        "Red Component" : 0.82352942228317261,
        "Blue Component" : 0.85098040103912354
      },
      "Working Directory" : "\/Users\/tony",
      "Blinking Cursor" : false,
      "Disable Window Resizing" : true,
      "Sync Title" : false,
      "Prompt Before Closing 2" : false,
      "BM Growl" : true,
      "Command" : "",
      "Description" : "Default",
      "Mouse Reporting" : true,
      "Screen" : -1,
      "Selection Color" : {
        "Green Component" : 0.25882354378700256,
        "Red Component" : 0.12941177189350128,
        "Blue Component" : 0.51372551918029785
      },
      "Columns" : 80,
      "Idle Code" : 0,
      "Ansi 13 Color" : {
        "Green Component" : 0.49803921580314636,
        "Red Component" : 0.47450980544090271,
        "Blue Component" : 0.83137255907058716
      },
      "Custom Command" : "No",
      "ASCII Anti Aliased" : true,
      "Non Ascii Font" : "Monaco 12",
      "Vertical Spacing" : 1,
      "Use Bold Font" : true,
      "Option Key Sends" : 0,
      "Selected Text Color" : {
        "Green Component" : 0.84705883264541626,
        "Red Component" : 0.82352942228317261,
        "Blue Component" : 0.85098040103912354
      },
      "Background Color" : {
        "Green Component" : 0.24705882370471954,
        "Red Component" : 0.23921568691730499,
        "Blue Component" : 0.25490197539329529
      },
      "Character Encoding" : 4,
      "Ansi 11 Color" : {
        "Green Component" : 0.53333336114883423,
        "Red Component" : 0.7137255072593689,
        "Blue Component" : 0
      },
      "Use Italic Font" : true,
      "Unlimited Scrollback" : false,
      "Keyboard Map" : {
        "0xf700-0x260000" : {
          "Text" : "[1;6A",
          "Action" : 10
        },
        "0x37-0x40000" : {
          "Text" : "0x1f",
          "Action" : 11
        },
        "0x32-0x40000" : {
          "Text" : "0x00",
          "Action" : 11
        },
        "0xf709-0x20000" : {
          "Text" : "[17;2~",
          "Action" : 10
        },
        "0xf70c-0x20000" : {
          "Text" : "[20;2~",
          "Action" : 10
        },
        "0xf729-0x20000" : {
          "Text" : "[1;2H",
          "Action" : 10
        },
        "0xf72b-0x40000" : {
          "Text" : "[1;5F",
          "Action" : 10
        },
        "0xf705-0x20000" : {
          "Text" : "[1;2Q",
          "Action" : 10
        },
        "0xf703-0x260000" : {
          "Text" : "[1;6C",
          "Action" : 10
        },
        "0xf700-0x220000" : {
          "Text" : "[1;2A",
          "Action" : 10
        },
        "0xf701-0x280000" : {
          "Text" : "0x1b 0x1b 0x5b 0x42",
          "Action" : 11
        },
        "0x38-0x40000" : {
          "Text" : "0x7f",
          "Action" : 11
        },
        "0x33-0x40000" : {
          "Text" : "0x1b",
          "Action" : 11
        },
        "0xf703-0x220000" : {
          "Text" : "[1;2C",
          "Action" : 10
        },
        "0xf701-0x240000" : {
          "Text" : "[1;5B",
          "Action" : 10
        },
        "0xf70d-0x20000" : {
          "Text" : "[21;2~",
          "Action" : 10
        },
        "0xf702-0x260000" : {
          "Text" : "[1;6D",
          "Action" : 10
        },
        "0xf729-0x40000" : {
          "Text" : "[1;5H",
          "Action" : 10
        },
        "0xf706-0x20000" : {
          "Text" : "[1;2R",
          "Action" : 10
        },
        "0x34-0x40000" : {
          "Text" : "0x1c",
          "Action" : 11
        },
        "0xf700-0x280000" : {
          "Text" : "0x1b 0x1b 0x5b 0x41",
          "Action" : 11
        },
        "0x2d-0x40000" : {
          "Text" : "0x1f",
          "Action" : 11
        },
        "0xf70e-0x20000" : {
          "Text" : "[23;2~",
          "Action" : 10
        },
        "0xf702-0x220000" : {
          "Text" : "[1;2D",
          "Action" : 10
        },
        "0xf703-0x280000" : {
          "Text" : "0x1b 0x1b 0x5b 0x43",
          "Action" : 11
        },
        "0xf700-0x240000" : {
          "Text" : "[1;5A",
          "Action" : 10
        },
        "0xf707-0x20000" : {
          "Text" : "[1;2S",
          "Action" : 10
        },
        "0xf70a-0x20000" : {
          "Text" : "[18;2~",
          "Action" : 10
        },
        "0x35-0x40000" : {
          "Text" : "0x1d",
          "Action" : 11
        },
        "0xf70f-0x20000" : {
          "Text" : "[24;2~",
          "Action" : 10
        },
        "0xf703-0x240000" : {
          "Text" : "[1;5C",
          "Action" : 10
        },
        "0xf701-0x260000" : {
          "Text" : "[1;6B",
          "Action" : 10
        },
        "0xf702-0x280000" : {
          "Text" : "0x1b 0x1b 0x5b 0x44",
          "Action" : 11
        },
        "0xf72b-0x20000" : {
          "Text" : "[1;2F",
          "Action" : 10
        },
        "0x36-0x40000" : {
          "Text" : "0x1e",
          "Action" : 11
        },
        "0xf708-0x20000" : {
          "Text" : "[15;2~",
          "Action" : 10
        },
        "0xf701-0x220000" : {
          "Text" : "[1;2B",
          "Action" : 10
        },
        "0xf70b-0x20000" : {
          "Text" : "[19;2~",
          "Action" : 10
        },
        "0xf702-0x240000" : {
          "Text" : "[1;5D",
          "Action" : 10
        },
        "0xf704-0x20000" : {
          "Text" : "[1;2P",
          "Action" : 10
        }
      },
      "Window Type" : 0,
      "Background Image Location" : "",
      "Blur" : false,
      "Badge Color" : {
        "Red Component" : 1,
        "Color Space" : "sRGB",
        "Blue Component" : 0,
        "Alpha Component" : 0.5,
        "Green Component" : 0.1491314172744751
      },
      "Scrollback Lines" : 1000,
      "Send Code When Idle" : false,
      "Close Sessions On End" : true,